id,first_name,last_name,gender
1,Tades,Luney,Male
2,Morie,Hindrich,Male
3,Domeniga,Baumaier,Female
4,Gypsy,Grundwater,Female
5,Constanta,Edgecumbe,Female
6,Keslie,Arno,Female
7,Rowen,Beasleigh,Male
8,Dacia,Quilliam,Female
9,Lynelle,Bedberry,Female
10,Olva,Yakubovics,Female
11,Justus,Lidgertwood,Male
12,Winfred,Fiske,Male
13,Fletcher,Storms,Male
14,Nichole,Haet,Male
15,Charley,Booth,Male
16,Laney,Kilbane,Male
17,Maurizia,Hancell,Female
18,Eberhard,Linsey,Male
19,Sydney,Handyside,Female
20,Heidi,Stamp,Female
21,Tripp,Harbour,Male
22,Nicola,Barbisch,Male
23,Caren,Boyson,Female
24,Lucio,Scallan,Male
25,Salvidor,Guntrip,Male
26,Heidie,Welbrock,Female
27,Ollie,Pawle,Male
28,Lars,Albrecht,Male
29,Elga,Basnett,Female
30,Sterne,Tarbatt,Male
31,Tadeas,Garvill,Male
32,Noella,Brameld,Female
33,Carlita,Faulder,Female
34,Helen,Bentje,Female
35,Bell,Venmore,Female
36,Karlis,Ortes,Male
37,Matthew,Ledram,Male
38,Daniella,Wheeler,Female
39,Davidde,Streets,Male
40,Sheilah,Rusk,Female
41,Cyndia,Loseke,Female
42,Joana,Lidden,Female
43,Virgilio,Blonden,Male
44,Sherm,Bertin,Male
45,Tabor,Cornil,Male
46,Hyacintha,Tanti,Female
47,Doe,Yeomans,Female
48,Margret,Sapseed,Female
49,Cletus,Brinson,Male
50,Lauritz,Woodberry,Male
51,Brook,Rowlstone,Male
52,Sherline,Winterflood,Female
53,Gaylor,Taudevin,Male
54,Brietta,Bernardino,Female
55,Reg,Edwardes,Male
56,Walsh,Conniam,Male
57,Courtney,Lody,Male
58,Meara,Pinkie,Female
59,Darrin,Massei,Male
60,Katinka,Adami,Female
61,Ole,Churchill,Male
62,Stanley,Longmaid,Male
63,Web,Eliasen,Male
64,Shea,Coneybeer,Female
65,Alissa,Fleetwood,Female
66,Marlo,Athowe,Male
67,Aldo,Walaron,Male
68,Alleen,Ahren,Female
69,Nedi,Roughey,Female
70,Gav,Durtnel,Male
71,Leora,Roseburgh,Female
72,Meridith,Bargh,Female
73,Robb,Hapgood,Male
74,Lexie,Barley,Female
75,Andras,Minett,Male
76,Merwin,Morsey,Male
77,Nicoli,Goudie,Female
78,Vanda,Saturley,Female
79,Zitella,Jefferd,Female
80,Gregoire,Luno,Male
81,Kellby,Graveson,Male
82,Isidor,Ferschke,Male
83,Tomkin,Probat,Male
84,Abey,Goldes,Male
85,Brier,Bangham,Female
86,Zacherie,Klais,Male
87,Lorraine,Rahlof,Female
88,Correy,Beaumont,Male
89,Babbette,Fenney,Female
90,Clarita,Nudd,Female
91,Amerigo,Roots,Male
92,Filberto,Stife,Male
93,Gwyn,Roddell,Female
94,Merola,Mattioli,Female
95,Abram,Pisculli,Male
96,Xenia,Child,Female
97,Timmy,Fullager,Male
98,Hazel,Phipson,Female
99,Cher,Bainton,Female
100,Weider,Marrow,Male
